id,descripcion,Fecha
"1,""¡Gran iniciativa para todos!"",2024-01-15"
"2,""Esto es justo lo que necesitábamos."",2024-01-16"
"3,""Me encantaría participar en los talleres."",2024-02-12"
"4,""Muy útil, gracias por compartir."",2024-02-18"
"5,""La diversidad nos hace más fuertes."",2024-03-10"
"6,""Esperemos que esto se implemente rápido."",2024-03-15"
"7,""Excelentes estrategias, sigamos adelante."",2024-04-22"
"8,""Esto debería ser prioridad en todas las empresas."",2024-04-30"
"9,""¿Cómo puedo acceder a estos beneficios?"",2024-05-01"
"10,""¡Gran avance!"",2024-05-03"
"11,""Interesante propuesta para fomentar el respeto."",2024-05-08"
"12,""Las iniciativas de liderazgo son clave."",2024-05-15"
"13,""Espero que se organicen más eventos de este tipo."",2024-06-01"
"14,""El equilibrio es fundamental en el trabajo."",2024-06-07"
"15,""Es un paso importante hacia un mejor ambiente laboral."",2024-06-20"
"16,""Gran idea fomentar el trabajo en equipo."",2024-06-25"
"17,""Los reconocimientos motivan mucho al equipo."",2024-07-03"
"18,""Espero que este tipo de iniciativas crezcan."",2024-07-10"
"19,""¿Cómo puedo ser parte de los programas de mentoría?"",2024-07-15"
"20,""Necesitamos más iniciativas como esta."",2024-08-01"
"21,""¡Qué bueno que se promueva el respeto en el trabajo!"",2024-08-05"
"22,""Esto es muy útil para nuevos proyectos."",2024-08-12"
"23,""Espero que estas herramientas sean accesibles."",2024-08-19"
"24,""Excelentes programas para balancear el trabajo."",2024-08-25"
"25,""Es una gran noticia para el equipo."",2024-09-01"
"26,""Me gustaría ver más programas como estos."",2024-09-10"
"27,""El respeto es esencial en cualquier lugar."",2024-09-20"
"28,""Gran idea fomentar la diversidad en la empresa."",2024-09-25"
"29,""¿Cuándo estarán disponibles las nuevas herramientas?"",2024-10-05"
"30,""Espero que esto ayude a mejorar el ambiente laboral."",2024-10-12"
"31,""Es un gran paso para el equipo."",2024-10-20"
"32,""¿Cómo se medirán los resultados?"",2024-10-25"
"33,""Esto será muy motivador para todos."",2024-11-01"
"34,""Me parece una excelente iniciativa."",2024-11-05"
"35,""Gran avance en las políticas de inclusión."",2024-11-10"
"36,""Esto ayudará a crear un mejor entorno."",2024-11-15"
"37,""Espero que todos puedan beneficiarse de esto."",2024-11-20"
"38,""Es una gran oportunidad para mejorar."",2024-11-25"
"39,""Gracias por priorizar el bienestar de todos."",2024-11-28"
"40,""¡Qué bueno que esto esté disponible para todos!"",2024-11-30"
