id,Titulo,Fecha,Descripcion,MeGusta
1,"Promociones internas: Nuevas oportunidades para todos","2021-07-04","Como parte de la iniciativa de promociones internas, se están implementando nuevas estrategias para fomentar un entorno laboral más saludable. Esto incluye establecer rutas claras de ascenso profesional, además de incentivar la participación activa de todo el personal.","23"
2,"Reflexiones sobre el trabajo en equipo: Mejorando juntos","2020-11-22","Como parte de la iniciativa de reflexiones sobre el trabajo en equipo, se están implementando nuevas estrategias para fomentar un entorno laboral más saludable. Esto incluye fomentar el diálogo abierto entre los equipos, además de incentivar la participación activa de todo el personal.","15"
3,"Bienestar laboral: Equilibrio entre trabajo y vida personal","2022-09-06","Como parte de la iniciativa de bienestar laboral, se están implementando nuevas estrategias para fomentar un entorno laboral más saludable. Esto incluye el desarrollo de programas de equilibrio entre la vida personal y laboral, además de incentivar la participación activa de todo el personal.","28"
4,"Éxitos de proyectos recientes: Lecciones compartidas","2023-07-12","Como parte de la iniciativa de éxitos de proyectos recientes, se están implementando nuevas estrategias para fomentar un entorno laboral más saludable. Esto incluye realizar evaluaciones periódicas de los proyectos, además de incentivar la participación activa de todo el personal.","12"
5,"Refuerzos contra el acoso laboral: Cultura de respeto","2020-04-04","Como parte de la iniciativa de refuerzos contra el acoso laboral, se están implementando nuevas estrategias para fomentar un entorno laboral más saludable. Esto incluye la creación de una línea de denuncia confidencial, además de incentivar la participación activa de todo el personal.","7"
6,"Reconocimientos a empleados destacados: Nuevas categorías","2020-04-16","Como parte de la iniciativa de reconocimientos a empleados destacados, se están implementando nuevas estrategias para fomentar un entorno laboral más saludable. Esto incluye la introducción de premios mensuales, además de incentivar la participación activa de todo el personal.","19"
7,"Liderazgo corporativo: Talleres para todos","2020-08-08","Como parte de la iniciativa de liderazgo corporativo, se están implementando nuevas estrategias para fomentar un entorno laboral más saludable. Esto incluye la organización de talleres de liderazgo para todos los niveles, además de incentivar la participación activa de todo el personal.","14"
8,"Eventos corporativos: Mayor integración","2024-07-08","Como parte de la iniciativa de eventos corporativos, se están implementando nuevas estrategias para fomentar un entorno laboral más saludable. Esto incluye actividades de voluntariado corporativo, además de incentivar la participación activa de todo el personal.","21"
9,"Formación y desarrollo: Acuerdos universitarios","2021-10-06","Como parte de la iniciativa de formación y desarrollo, se están implementando nuevas estrategias para fomentar un entorno laboral más saludable. Esto incluye establecer acuerdos con universidades para formación continua, además de incentivar la participación activa de todo el personal.","9"
10,"Actualización de políticas: Normas revisadas","2022-01-18","Como parte de la iniciativa de actualización de políticas, se están implementando nuevas estrategias para fomentar un entorno laboral más saludable. Esto incluye la creación de un comité interno de revisión periódica, además de incentivar la participación activa de todo el personal.","26"
11,"Trabajo en equipo: Dinámicas de integración","2021-03-15","Como parte de la iniciativa de trabajo en equipo, se están implementando nuevas estrategias para fomentar un entorno laboral más saludable. Esto incluye dinámicas de integración interdepartamental, además de incentivar la participación activa de todo el personal.","17"
12,"Promociones internas: Procesos equitativos","2024-06-11","Como parte de la iniciativa de promociones internas, se están implementando nuevas estrategias para fomentar un entorno laboral más saludable. Esto incluye promover la equidad en los procesos de selección, además de incentivar la participación activa de todo el personal.","11"
13,"Éxitos recientes: Celebraciones trimestrales","2024-07-11"," Como parte de la iniciativa de éxitos recientes, se están implementando nuevas estrategias para fomentar un entorno laboral más saludable. Esto incluye realizar ceremonias de celebración de logros, además de incentivar la participación activa de todo el personal","24"
14,"Bienestar emocional: Espacios de apoyo","2021-08-31","Como parte de la iniciativa de bienestar emocional, se están implementando nuevas estrategias para fomentar un entorno laboral más saludable. Esto incluye sesiones grupales y apoyo psicológico, además de incentivar la participación activa de todo el personal.","6"
15,"Capacitación técnica: Nuevos cursos online","2023-09-18","Como parte de la iniciativa de capacitación técnica, se están implementando nuevas estrategias para fomentar un entorno laboral más saludable. Esto incluye el lanzamiento de nuevos cursos online, además de incentivar la participación activa de todo el personal.","18"
16,"Refuerzos contra el acoso laboral: Denuncias confidenciales","2021-10-30","Como parte de la iniciativa de refuerzos contra el acoso laboral, se están implementando nuevas estrategias para fomentar un entorno laboral más saludable. Esto incluye la creación de una línea de denuncia confidencial, además de incentivar la participación activa de todo el personal.","8"
17,"Reconocimientos internos: Valorando el esfuerzo","2020-01-07","Como parte de la iniciativa de reconocimientos internos, se están implementando nuevas estrategias para fomentar un entorno laboral más saludable. Esto incluye premiar las iniciativas innovadoras, además de incentivar la participación activa de todo el personal.","22"
18,"Líderes del futuro: Mentores internos","2022-07-06","Como parte de la iniciativa de desarrollo de liderazgo, se están implementando nuevas estrategias para fomentar un entorno laboral más saludable. Esto incluye un programa de mentoría para identificar futuros líderes, además de incentivar la participación activa de todo el personal.","10"
19,"Cultura inclusiva: Fomentando la diversidad","2024-03-16","Como parte de la iniciativa de cultura inclusiva, se están implementando nuevas estrategias para fomentar un entorno laboral más saludable. Esto incluye promover la diversidad en todos los niveles de la empresa, además de incentivar la participación activa de todo el personal.","29"
20,"Gestión de proyectos: Herramientas actualizadas","2022-03-24","Como parte de la iniciativa de gestión de proyectos, se están implementando nuevas estrategias para fomentar un entorno laboral más saludable. Esto incluye la implementación de nuevas herramientas digitales, además de incentivar la participación activa de todo el personal.","13"
